{
  "recall@1": 0.020242914979757085,
  "recall@3": 0.024291497975708502,
  "recall@5": 0.032388663967611336,
  "recall@10": 0.03643724696356275,
  "MRR": 0.027013025499329317,
  "num_queries": 247
}